[{"model": "foodride.category", "pk": 1, "fields": {"category_name": "Biryani", "category_image": "uploads/bowl-biryani-with-chicken-pieces-transparent-background.png", "category_desc": "Biryani is a mixed rice dish popular in South Asia, made with rice, meat (chicken, goat, lamb, beef) or seafood (prawns or fish), and spices. To cater to vegetarians, the meat or seafood can be substituted with vegetables or paneer.Sometimes eggs or potatoes are also added."}}, {"model": "foodride.category", "pk": 2, "fields": {"category_name": "Dosa", "category_image": "uploads/delicious-golden-pancakes-served-with-vibrant-green-red-sauces.png", "category_desc": "Dosas made at home will seldom be as big or thin as restaurant dosas, but the smaller, pancake-size dosas are just as good, maybe even better,” notes Anita Jaisinghani, chef and owner of Houston’s Pondicheri restaurant, in her cookbook Masala: Recipes from India, the Land of Spices"}}, {"model": "foodride.category", "pk": 3, "fields": {"category_name": "Noodles", "category_image": "uploads/spaghetti-with-vegetablesbroccolitomatoespeppers-isolated-white-background.png", "category_desc": "While long, thin strips may be the most common, many varieties of noodles are cut into waves, helices, tubes, strings, or shells, or folded over, or cut into other shapes. Noodles are usually cooked in boiling water, sometimes with cooking oil or salt added. They can also be steamed, pan-fried, deep-fried, or baked."}}, {"model": "foodride.category", "pk": 4, "fields": {"category_name": "Ice cream", "category_image": "uploads/delicious-raspberry-chocolate-ice-cream-sundae.png", "category_desc": "Ice cream may be served in dishes, eaten with a spoon, or licked from edible wafer ice cream cones held by the hands as finger food. Ice cream may be served with other desserts such as cake or pior used as an ingredient in cold dishes like ice cream floats, sundaes, milkshakes, and ice cream cakes or in baked items such as Baked Alaska."}}, {"model": "foodride.category", "pk": 5, "fields": {"category_name": "Kebab", "category_image": "uploads/chicken-skewers-with-slices-sweet-peppers-dill-tasty-food-weekend-meal.png", "category_desc": "Kebabs consist of cut up ground meat, sometimes with vegetables and various other accompaniments according to the specific recipe. Although kebabs are typically cooked on a skewer over a fire, some kebab dishes are oven-baked in a pan, or prepared as a stew such as tas kebab.The traditional meat for kebabs is most often lamb meat, but regional recipes may include beef, goat, chicken, fish, or even pork (depending on whether or not there are specific religious prohibitions)."}}, {"model": "foodride.restaurant", "pk": 1, "fields": {"name": "Akash Pride", "address": "Railway Track Rd, Ramachandra Rao Pet, Eluru, Andhra Pradesh 534002", "latitude": 16.710574, "longitude": 81.1004533, "contact": "08886252222", "image": "uploads/restaurants/3392.jpg"}}, {"model": "foodride.restaurant", "pk": 2, "fields": {"name": "Gummadi Grand", "address": "Janapoojitha Estates Rd, Powerpet, Eluru, Andhra Pradesh 534006", "latitude": 16.7103412, "longitude": 81.0955172, "contact": "09133806669", "image": "uploads/restaurants/29617.jpg"}}, {"model": "foodride.fooditem", "pk": 1, "fields": {"name": "Veg Biryani", "item_image": "uploads/items/9.jpg", "price": 250.0, "description": "Restaurant Style Vegetable Biryani that will help you dish out a vegetarian biryani, elaborately at home. Just follow the steps well, and you won’t have any problems in making a lovely hearty biryani at home.", "restaurant": 1, "food_category": 1, "item_type": "Veg"}}, {"model": "foodride.fooditem", "pk": 2, "fields": {"name": "Chicken Biryani", "item_image": "uploads/items/gourmet-chicken-biryani-with-steamed-basmati-rice-generated-by-ai.jpg", "price": 280.0, "description": "Aromatic long-grain rice, perfectly layered over succulent chicken marinated in a blend of earthy, aromatic spices, garnished with caramelized onions and delicate strands of saffron. Each bite bursts with the vibrant flavors of India", "restaurant": 1, "food_category": 1, "item_type": "Non-Veg"}}, {"model": "foodride.fooditem", "pk": 3, "fields": {"name": "Chicken Fry Biryani", "item_image": "uploads/items/525.jpg", "price": 270.0, "description": "Aromatic long-grain rice, perfectly layered over succulent chicken marinated in a blend of earthy, aromatic spices, garnished with caramelized onions and delicate strands of saffron. Each bite bursts with the vibrant flavors of India", "restaurant": 2, "food_category": 1, "item_type": "Non-Veg"}}, {"model": "admin.logentry", "pk": 1, "fields": {"action_time": "2025-02-19T16:21:03.710Z", "user": 1, "content_type": 7, "object_id": "1", "object_repr": "Biryani uploads/bowl-biryani-with-chicken-pieces-transparent-background.png Biryani (/bɜːrˈjɑːni/) is a mixed rice dish popular in South Asia, made with rice, meat (chicken, goat, lamb, beef) or seafo", "action_flag": 1, "change_message": "[{\"added\": {}}]"}}, {"model": "admin.logentry", "pk": 2, "fields": {"action_time": "2025-02-19T16:21:23.285Z", "user": 1, "content_type": 7, "object_id": "1", "object_repr": "Biryani uploads/bowl-biryani-with-chicken-pieces-transparent-background.png Biryani is a mixed rice dish popular in South Asia, made with rice, meat (chicken, goat, lamb, beef) or seafood (prawns or f", "action_flag": 2, "change_message": "[{\"changed\": {\"fields\": [\"Category desc\"]}}]"}}, {"model": "admin.logentry", "pk": 3, "fields": {"action_time": "2025-02-19T16:44:12.461Z", "user": 1, "content_type": 7, "object_id": "2", "object_repr": "Dosa uploads/delicious-golden-pancakes-served-with-vibrant-green-red-sauces.png Dosas made at home will seldom be as big or thin as restaurant dosas, but the smaller, pancake-size dosas are just as go", "action_flag": 1, "change_message": "[{\"added\": {}}]"}}, {"model": "admin.logentry", "pk": 4, "fields": {"action_time": "2025-02-19T16:48:52.550Z", "user": 1, "content_type": 7, "object_id": "3", "object_repr": "Noodles uploads/spaghetti-with-vegetablesbroccolitomatoespeppers-isolated-white-background.png While long, thin strips may be the most common, many varieties of noodles are cut into waves, helices, tu", "action_flag": 1, "change_message": "[{\"added\": {}}]"}}, {"model": "admin.logentry", "pk": 5, "fields": {"action_time": "2025-02-19T16:49:50.451Z", "user": 1, "content_type": 7, "object_id": "4", "object_repr": "Ice cream uploads/delicious-raspberry-chocolate-ice-cream-sundae.png Ice cream may be served in dishes, eaten with a spoon, or licked from edible wafer ice cream cones held by the hands as finger food", "action_flag": 1, "change_message": "[{\"added\": {}}]"}}, {"model": "admin.logentry", "pk": 6, "fields": {"action_time": "2025-02-19T16:50:46.210Z", "user": 1, "content_type": 7, "object_id": "5", "object_repr": "Kebab uploads/chicken-skewers-with-slices-sweet-peppers-dill-tasty-food-weekend-meal.png Kebabs consist of cut up ground meat, sometimes with vegetables and various other accompaniments according to t", "action_flag": 1, "change_message": "[{\"added\": {}}]"}}, {"model": "admin.logentry", "pk": 7, "fields": {"action_time": "2025-02-19T17:15:41.741Z", "user": 1, "content_type": 8, "object_id": "1", "object_repr": "Akash Pride Railway Track Rd, Ramachandra Rao Pet, Eluru, Andhra Pradesh 534002 16.710574 81.10039 08886252222 uploads/restaurants/akashpride.jpg", "action_flag": 1, "change_message": "[{\"added\": {}}]"}}, {"model": "admin.logentry", "pk": 8, "fields": {"action_time": "2025-02-19T17:25:48.873Z", "user": 1, "content_type": 8, "object_id": "1", "object_repr": "Akash Pride Railway Track Rd, Ramachandra Rao Pet, Eluru, Andhra Pradesh 534002 16.710574 81.1004533 08886252222 uploads/restaurants/akashpride.jpg", "action_flag": 2, "change_message": "[{\"changed\": {\"fields\": [\"Longitude\"]}}]"}}, {"model": "admin.logentry", "pk": 9, "fields": {"action_time": "2025-02-19T17:35:04.942Z", "user": 1, "content_type": 8, "object_id": "1", "object_repr": "Akash Pride Railway Track Rd, Ramachandra Rao Pet, Eluru, Andhra Pradesh 534002 16.710574 81.1004533 08886252222 uploads/restaurants/3392.jpg", "action_flag": 2, "change_message": "[{\"changed\": {\"fields\": [\"Image\"]}}]"}}, {"model": "admin.logentry", "pk": 10, "fields": {"action_time": "2025-02-19T18:16:13.711Z", "user": 1, "content_type": 10, "object_id": "1", "object_repr": "Veg Biryani uploads/items/9.jpg 250.0 Restaurant Style Vegetable Biryani that will help you dish out a vegetarian biryani, elaborately at home. Just follow the steps well, and you won’t have any probl", "action_flag": 1, "change_message": "[{\"added\": {}}]"}}, {"model": "admin.logentry", "pk": 11, "fields": {"action_time": "2025-02-20T14:25:31.852Z", "user": 1, "content_type": 10, "object_id": "2", "object_repr": "Chicken Biryani uploads/items/gourmet-chicken-biryani-with-steamed-basmati-rice-generated-by-ai.jpg 280.0 Aromatic long-grain rice, perfectly layered over succulent chicken marinated in a blend of ear", "action_flag": 1, "change_message": "[{\"added\": {}}]"}}, {"model": "admin.logentry", "pk": 12, "fields": {"action_time": "2025-02-20T14:34:42.175Z", "user": 1, "content_type": 8, "object_id": "2", "object_repr": "Gummadi Grand Janapoojitha Estates Rd, Powerpet, Eluru, Andhra Pradesh 534006 16.7103412 81.0955172 09133806669 uploads/restaurants/29617.jpg", "action_flag": 1, "change_message": "[{\"added\": {}}]"}}, {"model": "admin.logentry", "pk": 13, "fields": {"action_time": "2025-02-20T14:36:21.115Z", "user": 1, "content_type": 10, "object_id": "3", "object_repr": "Chicken Fry Biryani uploads/items/525.jpg 270.0 Aromatic long-grain rice, perfectly layered over succulent chicken marinated in a blend of earthy, aromatic spices, garnished with caramelized onions an", "action_flag": 1, "change_message": "[{\"added\": {}}]"}}, {"model": "auth.user", "pk": 1, "fields": {"password": "pbkdf2_sha256$870000$8Y5qlx7BLC76WP0GZdjEtO$SWMk4RkXl3/SOomKu+VZ8Cift2cChisNC81SZ0+TcC0=", "last_login": "2025-02-20T14:23:22.896Z", "is_superuser": true, "username": "admin", "first_name": "", "last_name": "", "email": "eaglesekhar03@gmail.com", "is_staff": true, "is_active": true, "date_joined": "2025-02-17T12:49:09.554Z", "groups": [], "user_permissions": []}}, {"model": "sessions.session", "pk": "oxru0h8jmuyutodyn0op0n544qic0dd9", "fields": {"session_data": ".eJxVjDkOwjAUBe_iGlmJbX07lPScwfqbSQDZUpYKcXeIlALaNzPvZTJu65i3Rec8iTmb3px-N0J-aN2B3LHemuVW13kiuyv2oIu9NtHn5XD_DkZcxm-dvMaIQqBFimNHzoMLBTqXpBuYOomkHBN6Ze4T-UAAUAQlDn2EYN4fBUg4mQ:1tk0ch:C2HsKI3LZbfNvSvbD4PzBfvj7xAjxct3GcPMJKuDz3U", "expire_date": "2025-03-03T12:53:19.696Z"}}, {"model": "sessions.session", "pk": "tmnbgbnixfiwpq58e3orxypcgtpiod2s", "fields": {"session_data": ".eJxVjDkOwjAUBe_iGlmJbX07lPScwfqbSQDZUpYKcXeIlALaNzPvZTJu65i3Rec8iTmb3px-N0J-aN2B3LHemuVW13kiuyv2oIu9NtHn5XD_DkZcxm-dvMaIQqBFimNHzoMLBTqXpBuYOomkHBN6Ze4T-UAAUAQlDn2EYN4fBUg4mQ:1tl7SU:HUTGXAtNYb1gIDGn5E9K9AavISuhkxTbjQ0OAxezF9A", "expire_date": "2025-03-06T14:23:22.915Z"}}]