[{"model": "store.customers", "pk": 1, "fields": {"user": 2, "address": "door no 22d-2-51\r\nramakrishnapuram", "phone": "09866323146", "city": "eluru", "postal": "534001"}}, {"model": "store.products", "pk": 1, "fields": {"product_id": 1, "product_name": "Mens Black shirt", "category_id": "Shirts", "product_image": "uploads/mens-black-white-plaid-long-sleeve-shirt-fashion-apparel.png", "product_price": 800.0, "product_stock": 5, "product_date": "2025-01-31T18:10:48.219Z"}}, {"model": "store.products", "pk": 2, "fields": {"product_id": 2, "product_name": "Leather Bag", "category_id": "Bags", "product_image": "uploads/vintage-leather-canvas-messenger-bag-brown-travel-bag.png", "product_price": 400.0, "product_stock": 20, "product_date": "2025-01-31T18:12:12.143Z"}}, {"model": "store.products", "pk": 3, "fields": {"product_id": 3, "product_name": "Ladies Bag", "category_id": "Bags", "product_image": "uploads/color-purple-elegance-woman-luxury-b.png", "product_price": 500.0, "product_stock": 10, "product_date": "2025-01-31T18:12:40.993Z"}}, {"model": "store.products", "pk": 4, "fields": {"product_id": 4, "product_name": "golden sandal", "category_id": "Shoes", "product_image": "uploads/beautiful-gold-sandal-shoes.png", "product_price": 200.0, "product_stock": 10, "product_date": "2025-01-31T18:13:21.043Z"}}, {"model": "store.cart", "pk": 1, "fields": {"customer": 1, "created_at": "2025-02-09T15:36:59.119Z"}}, {"model": "store.orders", "pk": 1, "fields": {"order_id": 1386, "order_date": "2025-02-09", "customer": 1, "total_price": "2200.00", "status": "Pending", "created_at": "2025-02-09T16:41:30.029Z"}}, {"model": "store.orders", "pk": 2, "fields": {"order_id": 7255, "order_date": "2025-02-09", "customer": 1, "total_price": "2200.00", "status": "Pending", "created_at": "2025-02-09T16:41:52.758Z"}}, {"model": "store.orderitem", "pk": 1, "fields": {"order": 2, "product": 1, "quantity": 2, "price": "800.00"}}, {"model": "store.orderitem", "pk": 2, "fields": {"order": 2, "product": 2, "quantity": 1, "price": "400.00"}}, {"model": "store.orderitem", "pk": 3, "fields": {"order": 2, "product": 4, "quantity": 1, "price": "200.00"}}, {"model": "admin.logentry", "pk": 1, "fields": {"action_time": "2025-01-30T17:59:02.661Z", "user": 1, "content_type": 7, "object_id": "1", "object_repr": "Categories object (1)", "action_flag": 1, "change_message": "[{\"added\": {}}]"}}, {"model": "admin.logentry", "pk": 2, "fields": {"action_time": "2025-01-30T18:01:19.760Z", "user": 1, "content_type": 7, "object_id": "1", "object_repr": "Categories object (1)", "action_flag": 3, "change_message": ""}}, {"model": "admin.logentry", "pk": 3, "fields": {"action_time": "2025-01-30T18:02:16.039Z", "user": 1, "content_type": 7, "object_id": "2", "object_repr": "Categories object (2)", "action_flag": 1, "change_message": "[{\"added\": {}}]"}}, {"model": "admin.logentry", "pk": 4, "fields": {"action_time": "2025-01-30T18:02:26.566Z", "user": 1, "content_type": 7, "object_id": "3", "object_repr": "Categories object (3)", "action_flag": 1, "change_message": "[{\"added\": {}}]"}}, {"model": "admin.logentry", "pk": 5, "fields": {"action_time": "2025-01-30T18:02:39.128Z", "user": 1, "content_type": 7, "object_id": "4", "object_repr": "Categories object (4)", "action_flag": 1, "change_message": "[{\"added\": {}}]"}}, {"model": "admin.logentry", "pk": 6, "fields": {"action_time": "2025-01-31T18:10:48.221Z", "user": 1, "content_type": 8, "object_id": "1", "object_repr": "1 Mens Black shirt 3 shirts 2025-01-30 18:02:39.110397+00:00 uploads/mens-black-white-plaid-long-sleeve-shirt-fashion-apparel.png 2025-01-31 18:10:48.219857+00:00 ", "action_flag": 1, "change_message": "[{\"added\": {}}]"}}, {"model": "admin.logentry", "pk": 7, "fields": {"action_time": "2025-01-31T18:12:12.145Z", "user": 1, "content_type": 8, "object_id": "2", "object_repr": "2 Leather Bag 1 bags 2025-01-30 18:02:16.037856+00:00 uploads/vintage-leather-canvas-messenger-bag-brown-travel-bag.png 2025-01-31 18:12:12.143128+00:00 ", "action_flag": 1, "change_message": "[{\"added\": {}}]"}}, {"model": "admin.logentry", "pk": 8, "fields": {"action_time": "2025-01-31T18:12:40.994Z", "user": 1, "content_type": 8, "object_id": "3", "object_repr": "3 Ladies Bag 1 bags 2025-01-30 18:02:16.037856+00:00 uploads/color-purple-elegance-woman-luxury-b.png 2025-01-31 18:12:40.993317+00:00 ", "action_flag": 1, "change_message": "[{\"added\": {}}]"}}, {"model": "admin.logentry", "pk": 9, "fields": {"action_time": "2025-01-31T18:13:21.046Z", "user": 1, "content_type": 8, "object_id": "4", "object_repr": "4 golden sandal 2 Shoes 2025-01-30 18:02:26.564272+00:00 uploads/beautiful-gold-sandal-shoes.png 2025-01-31 18:13:21.043067+00:00 ", "action_flag": 1, "change_message": "[{\"added\": {}}]"}}, {"model": "admin.logentry", "pk": 10, "fields": {"action_time": "2025-02-02T07:40:52.950Z", "user": 1, "content_type": 8, "object_id": "1", "object_repr": "1 Mens Black shirt 3 shirts 2025-01-30 18:02:39.110397+00:00 uploads/mens-black-white-plaid-long-sleeve-shirt-fashion-apparel.png 2025-01-31 18:10:48.219857+00:00 ", "action_flag": 2, "change_message": "[{\"changed\": {\"fields\": [\"Product price\"]}}]"}}, {"model": "admin.logentry", "pk": 11, "fields": {"action_time": "2025-02-02T07:41:00.523Z", "user": 1, "content_type": 8, "object_id": "2", "object_repr": "2 Leather Bag 1 bags 2025-01-30 18:02:16.037856+00:00 uploads/vintage-leather-canvas-messenger-bag-brown-travel-bag.png 2025-01-31 18:12:12.143128+00:00 ", "action_flag": 2, "change_message": "[{\"changed\": {\"fields\": [\"Product price\"]}}]"}}, {"model": "admin.logentry", "pk": 12, "fields": {"action_time": "2025-02-02T07:41:05.979Z", "user": 1, "content_type": 8, "object_id": "3", "object_repr": "3 Ladies Bag 1 bags 2025-01-30 18:02:16.037856+00:00 uploads/color-purple-elegance-woman-luxury-b.png 2025-01-31 18:12:40.993317+00:00 ", "action_flag": 2, "change_message": "[{\"changed\": {\"fields\": [\"Product price\"]}}]"}}, {"model": "admin.logentry", "pk": 13, "fields": {"action_time": "2025-02-02T07:41:11.409Z", "user": 1, "content_type": 8, "object_id": "4", "object_repr": "4 golden sandal 2 Shoes 2025-01-30 18:02:26.564272+00:00 uploads/beautiful-gold-sandal-shoes.png 2025-01-31 18:13:21.043067+00:00 ", "action_flag": 2, "change_message": "[{\"changed\": {\"fields\": [\"Product price\"]}}]"}}, {"model": "admin.logentry", "pk": 14, "fields": {"action_time": "2025-02-08T13:34:54.349Z", "user": 1, "content_type": 8, "object_id": "4", "object_repr": "4 golden sandal Shoes 200.0 uploads/beautiful-gold-sandal-shoes.png 2025-01-31 18:13:21.043067+00:00 ", "action_flag": 2, "change_message": "[{\"changed\": {\"fields\": [\"Category id\", \"Product stock\"]}}]"}}, {"model": "admin.logentry", "pk": 15, "fields": {"action_time": "2025-02-08T13:35:04.048Z", "user": 1, "content_type": 8, "object_id": "3", "object_repr": "3 Ladies Bag Bags 500.0 uploads/color-purple-elegance-woman-luxury-b.png 2025-01-31 18:12:40.993317+00:00 ", "action_flag": 2, "change_message": "[{\"changed\": {\"fields\": [\"Category id\", \"Product stock\"]}}]"}}, {"model": "admin.logentry", "pk": 16, "fields": {"action_time": "2025-02-08T13:35:18.033Z", "user": 1, "content_type": 8, "object_id": "2", "object_repr": "2 Leather Bag Bags 400.0 uploads/vintage-leather-canvas-messenger-bag-brown-travel-bag.png 2025-01-31 18:12:12.143128+00:00 ", "action_flag": 2, "change_message": "[{\"changed\": {\"fields\": [\"Category id\", \"Product stock\"]}}]"}}, {"model": "admin.logentry", "pk": 17, "fields": {"action_time": "2025-02-08T13:35:26.250Z", "user": 1, "content_type": 8, "object_id": "1", "object_repr": "1 Mens Black shirt Shirts 800.0 uploads/mens-black-white-plaid-long-sleeve-shirt-fashion-apparel.png 2025-01-31 18:10:48.219857+00:00 ", "action_flag": 2, "change_message": "[{\"changed\": {\"fields\": [\"Category id\", \"Product stock\"]}}]"}}, {"model": "admin.logentry", "pk": 18, "fields": {"action_time": "2025-02-09T14:53:04.857Z", "user": 1, "content_type": 12, "object_id": "1", "object_repr": "soma", "action_flag": 1, "change_message": "[{\"added\": {}}]"}}, {"model": "admin.logentry", "pk": 19, "fields": {"action_time": "2025-02-10T14:12:36.416Z", "user": 1, "content_type": 4, "object_id": "5", "object_repr": "prasad0986", "action_flag": 2, "change_message": "[{\"changed\": {\"fields\": [\"Active\"]}}]"}}, {"model": "auth.permission", "pk": 1, "fields": {"name": "Can add log entry", "content_type": 1, "codename": "add_logentry"}}, {"model": "auth.permission", "pk": 2, "fields": {"name": "Can change log entry", "content_type": 1, "codename": "change_logentry"}}, {"model": "auth.permission", "pk": 3, "fields": {"name": "Can delete log entry", "content_type": 1, "codename": "delete_logentry"}}, {"model": "auth.permission", "pk": 4, "fields": {"name": "Can view log entry", "content_type": 1, "codename": "view_logentry"}}, {"model": "auth.permission", "pk": 5, "fields": {"name": "Can add permission", "content_type": 2, "codename": "add_permission"}}, {"model": "auth.permission", "pk": 6, "fields": {"name": "Can change permission", "content_type": 2, "codename": "change_permission"}}, {"model": "auth.permission", "pk": 7, "fields": {"name": "Can delete permission", "content_type": 2, "codename": "delete_permission"}}, {"model": "auth.permission", "pk": 8, "fields": {"name": "Can view permission", "content_type": 2, "codename": "view_permission"}}, {"model": "auth.permission", "pk": 9, "fields": {"name": "Can add group", "content_type": 3, "codename": "add_group"}}, {"model": "auth.permission", "pk": 10, "fields": {"name": "Can change group", "content_type": 3, "codename": "change_group"}}, {"model": "auth.permission", "pk": 11, "fields": {"name": "Can delete group", "content_type": 3, "codename": "delete_group"}}, {"model": "auth.permission", "pk": 12, "fields": {"name": "Can view group", "content_type": 3, "codename": "view_group"}}, {"model": "auth.permission", "pk": 13, "fields": {"name": "Can add user", "content_type": 4, "codename": "add_user"}}, {"model": "auth.permission", "pk": 14, "fields": {"name": "Can change user", "content_type": 4, "codename": "change_user"}}, {"model": "auth.permission", "pk": 15, "fields": {"name": "Can delete user", "content_type": 4, "codename": "delete_user"}}, {"model": "auth.permission", "pk": 16, "fields": {"name": "Can view user", "content_type": 4, "codename": "view_user"}}, {"model": "auth.permission", "pk": 17, "fields": {"name": "Can add content type", "content_type": 5, "codename": "add_contenttype"}}, {"model": "auth.permission", "pk": 18, "fields": {"name": "Can change content type", "content_type": 5, "codename": "change_contenttype"}}, {"model": "auth.permission", "pk": 19, "fields": {"name": "Can delete content type", "content_type": 5, "codename": "delete_contenttype"}}, {"model": "auth.permission", "pk": 20, "fields": {"name": "Can view content type", "content_type": 5, "codename": "view_contenttype"}}, {"model": "auth.permission", "pk": 21, "fields": {"name": "Can add session", "content_type": 6, "codename": "add_session"}}, {"model": "auth.permission", "pk": 22, "fields": {"name": "Can change session", "content_type": 6, "codename": "change_session"}}, {"model": "auth.permission", "pk": 23, "fields": {"name": "Can delete session", "content_type": 6, "codename": "delete_session"}}, {"model": "auth.permission", "pk": 24, "fields": {"name": "Can view session", "content_type": 6, "codename": "view_session"}}, {"model": "auth.permission", "pk": 25, "fields": {"name": "Can add categories", "content_type": 7, "codename": "add_categories"}}, {"model": "auth.permission", "pk": 26, "fields": {"name": "Can change categories", "content_type": 7, "codename": "change_categories"}}, {"model": "auth.permission", "pk": 27, "fields": {"name": "Can delete categories", "content_type": 7, "codename": "delete_categories"}}, {"model": "auth.permission", "pk": 28, "fields": {"name": "Can view categories", "content_type": 7, "codename": "view_categories"}}, {"model": "auth.permission", "pk": 29, "fields": {"name": "Can add products", "content_type": 8, "codename": "add_products"}}, {"model": "auth.permission", "pk": 30, "fields": {"name": "Can change products", "content_type": 8, "codename": "change_products"}}, {"model": "auth.permission", "pk": 31, "fields": {"name": "Can delete products", "content_type": 8, "codename": "delete_products"}}, {"model": "auth.permission", "pk": 32, "fields": {"name": "Can view products", "content_type": 8, "codename": "view_products"}}, {"model": "auth.permission", "pk": 33, "fields": {"name": "Can add order item", "content_type": 9, "codename": "add_orderitem"}}, {"model": "auth.permission", "pk": 34, "fields": {"name": "Can change order item", "content_type": 9, "codename": "change_orderitem"}}, {"model": "auth.permission", "pk": 35, "fields": {"name": "Can delete order item", "content_type": 9, "codename": "delete_orderitem"}}, {"model": "auth.permission", "pk": 36, "fields": {"name": "Can view order item", "content_type": 9, "codename": "view_orderitem"}}, {"model": "auth.permission", "pk": 37, "fields": {"name": "Can add orders", "content_type": 10, "codename": "add_orders"}}, {"model": "auth.permission", "pk": 38, "fields": {"name": "Can change orders", "content_type": 10, "codename": "change_orders"}}, {"model": "auth.permission", "pk": 39, "fields": {"name": "Can delete orders", "content_type": 10, "codename": "delete_orders"}}, {"model": "auth.permission", "pk": 40, "fields": {"name": "Can view orders", "content_type": 10, "codename": "view_orders"}}, {"model": "auth.permission", "pk": 41, "fields": {"name": "Can add payment", "content_type": 11, "codename": "add_payment"}}, {"model": "auth.permission", "pk": 42, "fields": {"name": "Can change payment", "content_type": 11, "codename": "change_payment"}}, {"model": "auth.permission", "pk": 43, "fields": {"name": "Can delete payment", "content_type": 11, "codename": "delete_payment"}}, {"model": "auth.permission", "pk": 44, "fields": {"name": "Can view payment", "content_type": 11, "codename": "view_payment"}}, {"model": "auth.permission", "pk": 45, "fields": {"name": "Can add customers", "content_type": 12, "codename": "add_customers"}}, {"model": "auth.permission", "pk": 46, "fields": {"name": "Can change customers", "content_type": 12, "codename": "change_customers"}}, {"model": "auth.permission", "pk": 47, "fields": {"name": "Can delete customers", "content_type": 12, "codename": "delete_customers"}}, {"model": "auth.permission", "pk": 48, "fields": {"name": "Can view customers", "content_type": 12, "codename": "view_customers"}}, {"model": "auth.permission", "pk": 49, "fields": {"name": "Can add cart", "content_type": 13, "codename": "add_cart"}}, {"model": "auth.permission", "pk": 50, "fields": {"name": "Can change cart", "content_type": 13, "codename": "change_cart"}}, {"model": "auth.permission", "pk": 51, "fields": {"name": "Can delete cart", "content_type": 13, "codename": "delete_cart"}}, {"model": "auth.permission", "pk": 52, "fields": {"name": "Can view cart", "content_type": 13, "codename": "view_cart"}}, {"model": "auth.permission", "pk": 53, "fields": {"name": "Can add cart item", "content_type": 14, "codename": "add_cartitem"}}, {"model": "auth.permission", "pk": 54, "fields": {"name": "Can change cart item", "content_type": 14, "codename": "change_cartitem"}}, {"model": "auth.permission", "pk": 55, "fields": {"name": "Can delete cart item", "content_type": 14, "codename": "delete_cartitem"}}, {"model": "auth.permission", "pk": 56, "fields": {"name": "Can view cart item", "content_type": 14, "codename": "view_cartitem"}}, {"model": "auth.user", "pk": 1, "fields": {"password": "pbkdf2_sha256$870000$t8NRSLJsFe1MGLSl8SOHvg$RIONRDRP3YEQbcOqN/GGROqxED+5BETTawxdInWjNPI=", "last_login": "2025-02-10T14:09:54.445Z", "is_superuser": true, "username": "admin", "first_name": "", "last_name": "", "email": "eaglesekhar03@gmail.com", "is_staff": true, "is_active": true, "date_joined": "2025-01-26T16:29:06.964Z", "groups": [], "user_permissions": []}}, {"model": "auth.user", "pk": 2, "fields": {"password": "pbkdf2_sha256$870000$PazGDUIHGxtLlKsLnCyHma$HS471c+1HC7lnrCU/K2B+Ew4wDSLLcxn7Su6/owSMA8=", "last_login": "2025-02-10T14:12:22.153Z", "is_superuser": false, "username": "soma", "first_name": "", "last_name": "", "email": "somasekhar12@gmail.com", "is_staff": false, "is_active": true, "date_joined": "2025-02-08T15:47:19.469Z", "groups": [], "user_permissions": []}}, {"model": "auth.user", "pk": 3, "fields": {"password": "pbkdf2_sha256$870000$kxPoUVzTQ3x4Nys2G18m3E$YipCSJgj3ZTE4pkjwyw0A6nTQyiBtCpVq8nE+7x7xv0=", "last_login": null, "is_superuser": false, "username": "sekhar12", "first_name": "", "last_name": "", "email": "somasekhar12@gmail.com", "is_staff": false, "is_active": false, "date_joined": "2025-02-08T15:53:11.037Z", "groups": [], "user_permissions": []}}, {"model": "auth.user", "pk": 4, "fields": {"password": "pbkdf2_sha256$870000$knyGehyOB33yFnM4b76t5I$8Na9j8dT+k29G9OL9VVKt6FWr3xcow1G6ZCG8c6q2Wk=", "last_login": null, "is_superuser": false, "username": "somasekhar1287", "first_name": "", "last_name": "", "email": "eaglesekhar03@gmail.com", "is_staff": false, "is_active": false, "date_joined": "2025-02-10T14:08:20.447Z", "groups": [], "user_permissions": []}}, {"model": "auth.user", "pk": 5, "fields": {"password": "pbkdf2_sha256$870000$s2Y17OwpzuFo6qxKx2GyHU$1MCNUcfOdYOkwFeFs7waVMePdM6mxaDAuLd8m8CnozQ=", "last_login": "2025-02-10T14:13:18.832Z", "is_superuser": false, "username": "prasad0986", "first_name": "", "last_name": "", "email": "venkataprasad09@gmail.com", "is_staff": false, "is_active": true, "date_joined": "2025-02-10T14:10:43Z", "groups": [], "user_permissions": []}}, {"model": "contenttypes.contenttype", "pk": 1, "fields": {"app_label": "admin", "model": "logentry"}}, {"model": "contenttypes.contenttype", "pk": 2, "fields": {"app_label": "auth", "model": "permission"}}, {"model": "contenttypes.contenttype", "pk": 3, "fields": {"app_label": "auth", "model": "group"}}, {"model": "contenttypes.contenttype", "pk": 4, "fields": {"app_label": "auth", "model": "user"}}, {"model": "contenttypes.contenttype", "pk": 5, "fields": {"app_label": "contenttypes", "model": "contenttype"}}, {"model": "contenttypes.contenttype", "pk": 6, "fields": {"app_label": "sessions", "model": "session"}}, {"model": "contenttypes.contenttype", "pk": 7, "fields": {"app_label": "store", "model": "categories"}}, {"model": "contenttypes.contenttype", "pk": 8, "fields": {"app_label": "store", "model": "products"}}, {"model": "contenttypes.contenttype", "pk": 9, "fields": {"app_label": "store", "model": "orderitem"}}, {"model": "contenttypes.contenttype", "pk": 10, "fields": {"app_label": "store", "model": "orders"}}, {"model": "contenttypes.contenttype", "pk": 11, "fields": {"app_label": "store", "model": "payment"}}, {"model": "contenttypes.contenttype", "pk": 12, "fields": {"app_label": "store", "model": "customers"}}, {"model": "contenttypes.contenttype", "pk": 13, "fields": {"app_label": "store", "model": "cart"}}, {"model": "contenttypes.contenttype", "pk": 14, "fields": {"app_label": "store", "model": "cartitem"}}, {"model": "sessions.session", "pk": "2j6w39vo6dwqkph3qaruziz12cvo7ueh", "fields": {"session_data": ".eJxVjEEOwiAQRe_C2hAoMxVcuvcMZIBBqgaS0q6Md7dNutDtf-_9t_C0LsWvnWc_JXERWpx-t0DxyXUH6UH13mRsdZmnIHdFHrTLW0v8uh7u30GhXrZ6tGAijoYZXbSQ0OohsoXMDNmgISRnAFRgpWgjCh1yOIc4BJ2VSeLzBdqQN_w:1tdYoD:QRwz6HpQaNRlxFbHMAP2Zu50BaMBw1xOEeku_K835rY", "expire_date": "2025-02-13T17:58:33.683Z"}}, {"model": "sessions.session", "pk": "zrdvdnzmwzs7fe2v9l420qinr3u2m67l", "fields": {"session_data": ".eJxVjEEOwiAQRe_C2hAoMxVcuvcMZIBBqgaS0q6Md7dNutDtf-_9t_C0LsWvnWc_JXERWpx-t0DxyXUH6UH13mRsdZmnIHdFHrTLW0v8uh7u30GhXrZ6tGAijoYZXbSQ0OohsoXMDNmgISRnAFRgpWgjCh1yOIc4BJ2VSeLzBdqQN_w:1thUTy:_y3tNWfQLglBmvH-9kBb_ywYq_1_10BQniQrrVgoQZg", "expire_date": "2025-02-24T14:09:54.452Z"}}]