[{"model": "ride.riders", "pk": 1, "fields": {"rider": 5, "phone": "9866323146", "aadhar_card": "695224862968", "driving_licence": "AP3720200035453", "created_on": "2025-02-15T12:44:50.141Z"}}, {"model": "ride.rideprice", "pk": 1, "fields": {"ride_choice": "Bike", "ride_price": "8.00"}}, {"model": "ride.rideprice", "pk": 2, "fields": {"ride_choice": "Car", "ride_price": "20.00"}}, {"model": "ride.rideprice", "pk": 3, "fields": {"ride_choice": "Auto", "ride_price": "15.00"}}, {"model": "admin.logentry", "pk": 1, "fields": {"action_time": "2025-02-14T16:52:54.486Z", "user": 1, "content_type": 11, "object_id": "1", "object_repr": "Bike 8", "action_flag": 1, "change_message": "[{\"added\": {}}]"}}, {"model": "admin.logentry", "pk": 2, "fields": {"action_time": "2025-02-14T16:53:03.573Z", "user": 1, "content_type": 11, "object_id": "2", "object_repr": "Car 20", "action_flag": 1, "change_message": "[{\"added\": {}}]"}}, {"model": "admin.logentry", "pk": 3, "fields": {"action_time": "2025-02-14T16:53:09.030Z", "user": 1, "content_type": 11, "object_id": "3", "object_repr": "Auto 15", "action_flag": 1, "change_message": "[{\"added\": {}}]"}}, {"model": "admin.logentry", "pk": 4, "fields": {"action_time": "2025-02-15T12:19:30.592Z", "user": 1, "content_type": 4, "object_id": "2", "object_repr": "soma1287", "action_flag": 2, "change_message": "[{\"changed\": {\"fields\": [\"Active\"]}}]"}}, {"model": "admin.logentry", "pk": 5, "fields": {"action_time": "2025-02-15T12:33:29.170Z", "user": 1, "content_type": 4, "object_id": "3", "object_repr": "somaRider", "action_flag": 3, "change_message": ""}}, {"model": "admin.logentry", "pk": 6, "fields": {"action_time": "2025-02-15T12:35:22.499Z", "user": 1, "content_type": 4, "object_id": "4", "object_repr": "somaRider", "action_flag": 3, "change_message": ""}}, {"model": "admin.logentry", "pk": 7, "fields": {"action_time": "2025-02-15T12:36:44.184Z", "user": 1, "content_type": 4, "object_id": "5", "object_repr": "somaRider", "action_flag": 2, "change_message": "[{\"changed\": {\"fields\": [\"User permissions\"]}}]"}}, {"model": "admin.logentry", "pk": 8, "fields": {"action_time": "2025-02-15T12:40:25.800Z", "user": 1, "content_type": 4, "object_id": "5", "object_repr": "somaRider", "action_flag": 2, "change_message": "[{\"changed\": {\"fields\": [\"Active\", \"User permissions\"]}}]"}}, {"model": "admin.logentry", "pk": 9, "fields": {"action_time": "2025-02-15T12:40:36.263Z", "user": 1, "content_type": 4, "object_id": "2", "object_repr": "soma1287", "action_flag": 2, "change_message": "[]"}}, {"model": "admin.logentry", "pk": 10, "fields": {"action_time": "2025-02-15T12:44:50.142Z", "user": 5, "content_type": 8, "object_id": "1", "object_repr": "somaRider 9866323146 695224862968 AP3720200035453 ", "action_flag": 1, "change_message": "[{\"added\": {}}]"}}, {"model": "admin.logentry", "pk": 11, "fields": {"action_time": "2025-02-15T12:48:41.368Z", "user": 1, "content_type": 4, "object_id": "5", "object_repr": "somaRider", "action_flag": 2, "change_message": "[{\"changed\": {\"fields\": [\"User permissions\"]}}]"}}, {"model": "auth.user", "pk": 1, "fields": {"password": "pbkdf2_sha256$870000$vFb38TJU5K9YL5zrbsiOgT$0P8KY3WmLQn3g+k84bi/suUB2ZkxoNAHmQXR00g1yn4=", "last_login": "2025-02-16T15:11:11.667Z", "is_superuser": true, "username": "admin", "first_name": "", "last_name": "", "email": "eaglesekhar03@gmail.com", "is_staff": true, "is_active": true, "date_joined": "2025-02-14T11:33:10.543Z", "groups": [], "user_permissions": []}}, {"model": "auth.user", "pk": 2, "fields": {"password": "pbkdf2_sha256$870000$DJ1Jo0DxDvlvWJ9WoG2ssJ$rBbwPCm5xMrpncM2+mB7mSkZgo/uwMrGkEcy3+DqJq0=", "last_login": null, "is_superuser": false, "username": "soma1287", "first_name": "", "last_name": "", "email": "eaglesekhar03@gmail.com", "is_staff": false, "is_active": true, "date_joined": "2025-02-15T12:15:10Z", "groups": [], "user_permissions": []}}, {"model": "auth.user", "pk": 5, "fields": {"password": "pbkdf2_sha256$870000$QAvPZJiQc2cDciROPL4KRo$rNaoU73ae1Zlqavkttxj/WnOjE2tDZitsyINh8gO8LA=", "last_login": "2025-02-15T12:40:53Z", "is_superuser": false, "username": "somaRider", "first_name": "", "last_name": "", "email": "somasekhar12@gmail.com", "is_staff": true, "is_active": true, "date_joined": "2025-02-15T12:35:50Z", "groups": [], "user_permissions": [29]}}, {"model": "auth.user", "pk": 6, "fields": {"password": "pbkdf2_sha256$870000$jMp4hspnpRt7d7Y7B2skmS$9Cy/8FJAOLyBBiLh5jnfaay0iaQKByrvFl2PfmzsX7M=", "last_login": null, "is_superuser": false, "username": "sekharUser", "first_name": "", "last_name": "", "email": "somawebdev@gmail.com", "is_staff": false, "is_active": false, "date_joined": "2025-02-15T12:38:18.759Z", "groups": [], "user_permissions": []}}, {"model": "sessions.session", "pk": "9anue48shwq8v67yl8lcgqrnu75femzi", "fields": {"session_data": ".eJyrVsosji_KTEktis_JT09PTVGyKikqTdVRKi1OLcpLzE1VslIqzs9NNDSyMFfSASkGSaCorQUATkoYXg:1tjfxN:3TjevBoNUVFNpLfuzjygyreOKMfyUACESD8XUF4DtZ8", "expire_date": "2025-03-02T14:49:17.170Z"}}, {"model": "sessions.session", "pk": "lwzf23jqyhdxscn8eghaaux6g4jt2khe", "fields": {"session_data": ".eJxVjEEOwiAQRe_C2pACZQSX7j1DM8MwUjU0Ke3KeHfbpAvdvvf-f6sB16UMa8vzMLK6KKNOv4wwPXPdBT-w3iedprrMI-k90Ydt-jZxfl2P9u-gYCvbusPIwXYAFCInRO8o-T44AkKQxF0fzyJko2zcs5jgg4AzztjoQXr1-QL2PjgS:1tjXlJ:fN4bpnEFN2RDY5PQqGvRHc6tlaSFcv2Fqa3MB5ZWEIg", "expire_date": "2025-03-02T06:04:17.976Z"}}, {"model": "sessions.session", "pk": "oumkb904fj6akq0ymxa7wcbpvawjd3ng", "fields": {"session_data": ".eJxVjEEOwiAQRe_C2pACZQSX7j1DM8MwUjU0Ke3KeHfbpAvdvvf-f6sB16UMa8vzMLK6KKNOv4wwPXPdBT-w3iedprrMI-k90Ydt-jZxfl2P9u-gYCvbusPIwXYAFCInRO8o-T44AkKQxF0fzyJko2zcs5jgg4AzztjoQXr1-QL2PjgS:1tjYIA:zWPeVky7UDqg22msEHnKFu1D2GIMs9XVsaC9mWhumc4", "expire_date": "2025-03-02T06:38:14.491Z"}}]